{"loss": [0.16038388013839722, 0.029309295117855072, 0.013664467260241508, 0.016680123284459114, 0.008704399690032005, 0.012476733885705471, 0.0033712738659232855, 0.008452818728983402, 0.0046166060492396355, 0.005855992902070284, 0.004682386294007301, 0.0015635824529454112, 0.006208338774740696, 0.006485512014478445, 0.002834481419995427], "accuracy": [0.9663106203079224, 0.9916461110115051, 0.9961654543876648, 0.9939742684364319, 0.9975349307060242, 0.9969871044158936, 0.9987674355506897, 0.9979457855224609, 0.9979457855224609, 0.9990413784980774, 0.9987674355506897, 0.9993152618408203, 0.9979457855224609, 0.9982196688652039, 0.9989044070243835], "val_loss": [3.0977225303649902, 0.18574067950248718, 0.0177092757076025, 0.014187133871018887, 0.0013287885813042521, 0.0024230044800788164, 0.0045001995749771595, 0.0005697262822650373, 0.0077922227792441845, 0.004806497599929571, 0.0008650876116007566, 0.00030143727781251073, 0.0005260607576929033, 0.0017719492316246033, 0.0224758293479681], "val_accuracy": [0.5030959844589233, 0.9512383937835693, 0.9922600388526917, 0.9930340647697449, 1.0, 0.9992260336875916, 0.9992260336875916, 1.0, 0.9961300492286682, 0.9976780414581299, 1.0, 1.0, 1.0, 1.0, 0.9922600388526917]}