{"loss": [1.096771478652954, 1.0840383768081665, 1.0752933025360107, 1.066178560256958, 1.058346152305603, 1.0502634048461914, 1.0382580757141113, 1.0287013053894043, 1.0170818567276, 0.9946186542510986], "accuracy": [0.38633251190185547, 0.4079704284667969, 0.42810189723968506, 0.43796220421791077, 0.4596001207828522, 0.4680909216403961, 0.4875376522541046, 0.49630239605903625, 0.5046562552452087, 0.5280745029449463], "val_loss": [1.039642095565796, 1.0443167686462402, 1.0334137678146362, 1.0202306509017944, 1.0009500980377197, 0.9800832867622375, 0.9696096777915955, 0.9553492069244385, 0.9429373145103455, 0.9280763268470764], "val_accuracy": [0.5619195103645325, 0.7476780414581299, 0.5541795492172241, 0.7236841917037964, 0.5843653082847595, 0.6726006269454956, 0.5890092849731445, 0.7538699507713318, 0.7523219585418701, 0.745356023311615]}